{"camera": {"width_num_px": 320, "height_num_px": 320, "width_len_px": 3.6e-06, "height_len_px": 3.6e-06, "vertical_fov": 1.5184364492350666, "horizontal_fov": 1.5184364492350666}}